{"backend": "sgl-jax", "dataset_name": "random", "request_rate": Infinity, "max_concurrency": 128, "sharegpt_output_len": null, "random_input_len": 16384, "random_output_len": 1024, "random_range_ratio": 0.0, "duration": 105.1175683399997, "completed": 128, "total_input_tokens": 1002593, "total_output_tokens": 63692, "total_output_tokens_retokenized": 63665, "request_throughput": 1.2176841799268772, "input_throughput": 9537.825273479903, "output_throughput": 605.9120374054895, "mean_e2e_latency_ms": 93165.39782989064, "median_e2e_latency_ms": 94965.27632099969, "std_e2e_latency_ms": 10149.430345230128, "p99_e2e_latency_ms": 105008.62669380876, "mean_ttft_ms": 38589.982448820425, "median_ttft_ms": 37806.731663498795, "std_ttft_ms": 22556.5336162635, "p99_ttft_ms": 76154.0933411599, "mean_tpot_ms": 185.74371416072137, "median_tpot_ms": 107.84566621851408, "std_tpot_ms": 214.0054645583472, "p99_tpot_ms": 1116.1744713220826, "mean_itl_ms": 109.89951322976866, "median_itl_ms": 37.93751500234066, "std_itl_ms": 1455.846080367773, "p95_itl_ms": 43.722947651622235, "p99_itl_ms": 44.09375253082544, "concurrency": 113.44603105405164, "accept_length": null}
