{"backend": "sgl-jax", "dataset_name": "random", "request_rate": Infinity, "max_concurrency": 64, "sharegpt_output_len": null, "random_input_len": 1024, "random_output_len": 1024, "random_range_ratio": 0.0, "duration": 21.10007424899959, "completed": 64, "total_input_tokens": 33742, "total_output_tokens": 32149, "total_output_tokens_retokenized": 32129, "request_throughput": 3.0331646820169085, "input_throughput": 1599.1412921971018, "output_throughput": 1523.6439275337748, "mean_e2e_latency_ms": 13484.988709640675, "median_e2e_latency_ms": 14342.978085998766, "std_e2e_latency_ms": 5375.559525861457, "p99_e2e_latency_ms": 20932.2946658912, "mean_ttft_ms": 1649.6614457343526, "median_ttft_ms": 1556.0385419994418, "std_ttft_ms": 889.6271129354986, "p99_ttft_ms": 3053.6328769994725, "mean_tpot_ms": 30.08670647287109, "median_tpot_ms": 24.158849032039782, "std_tpot_ms": 27.13438953589309, "p99_tpot_ms": 161.15282211335375, "mean_itl_ms": 23.608673231517088, "median_itl_ms": 21.833569999216706, "std_itl_ms": 74.43419394639524, "p95_itl_ms": 25.362969349953346, "p99_itl_ms": 27.449710401742777, "concurrency": 40.90219149147886, "accept_length": null}
