{"backend": "sgl-jax", "dataset_name": "random", "request_rate": Infinity, "max_concurrency": 64, "sharegpt_output_len": null, "random_input_len": 16384, "random_output_len": 1024, "random_range_ratio": 0.0, "duration": 56.21487855600208, "completed": 64, "total_input_tokens": 492494, "total_output_tokens": 32149, "total_output_tokens_retokenized": 32137, "request_throughput": 1.1384886287042721, "input_throughput": 8760.919042266903, "output_throughput": 571.8948581908382, "mean_e2e_latency_ms": 48325.51127520287, "median_e2e_latency_ms": 49288.259058999756, "std_e2e_latency_ms": 5648.877957856383, "p99_e2e_latency_ms": 56049.48680275942, "mean_ttft_ms": 18778.579195046575, "median_ttft_ms": 19036.90474349969, "std_ttft_ms": 10457.857135368518, "p99_ttft_ms": 37153.0172682985, "mean_tpot_ms": 131.36576638355444, "median_tpot_ms": 58.295033443209256, "std_tpot_ms": 326.110719783944, "p99_tpot_ms": 1721.2496164187048, "mean_itl_ms": 58.93730392239396, "median_itl_ms": 23.446339000656735, "std_itl_ms": 944.8482429611904, "p95_itl_ms": 26.666889199259458, "p99_itl_ms": 28.984735600097338, "concurrency": 55.01804506313856, "accept_length": null}
