{"backend": "sgl-jax", "dataset_name": "random", "request_rate": Infinity, "max_concurrency": 64, "sharegpt_output_len": null, "random_input_len": 16384, "random_output_len": 1024, "random_range_ratio": 0.0, "duration": 56.40190654199978, "completed": 64, "total_input_tokens": 492494, "total_output_tokens": 32149, "total_output_tokens_retokenized": 32138, "request_throughput": 1.1347134152697886, "input_throughput": 8731.867949060614, "output_throughput": 569.9984623048192, "mean_e2e_latency_ms": 48214.14453448506, "median_e2e_latency_ms": 49170.90439199819, "std_e2e_latency_ms": 5828.5848081875165, "p99_e2e_latency_ms": 56231.16608629178, "mean_ttft_ms": 18566.900235297682, "median_ttft_ms": 18821.97324950539, "std_ttft_ms": 10337.113586661435, "p99_ttft_ms": 36727.97056160605, "mean_tpot_ms": 130.73743591353536, "median_tpot_ms": 58.50378022126284, "std_tpot_ms": 322.34706488471727, "p99_tpot_ms": 1702.34221262895, "mean_itl_ms": 59.13739664229208, "median_itl_ms": 24.15857999585569, "std_itl_ms": 934.0219693464292, "p95_itl_ms": 26.611819997197017, "p99_itl_ms": 29.102316798525862, "concurrency": 54.70923660903675, "accept_length": null}
