{"backend": "sgl-jax", "dataset_name": "random", "request_rate": Infinity, "max_concurrency": 32, "sharegpt_output_len": null, "random_input_len": 16384, "random_output_len": 1024, "random_range_ratio": 0.0, "duration": 33.167992102000426, "completed": 32, "total_input_tokens": 244436, "total_output_tokens": 17229, "total_output_tokens_retokenized": 17227, "request_throughput": 0.9647855649986729, "input_throughput": 7369.635136437987, "output_throughput": 519.4465781050667, "mean_e2e_latency_ms": 27376.765483843657, "median_e2e_latency_ms": 28317.242791501485, "std_e2e_latency_ms": 4217.274598530876, "p99_e2e_latency_ms": 33154.527416399505, "mean_ttft_ms": 9843.19974334403, "median_ttft_ms": 9958.552216499811, "std_ttft_ms": 5416.0584413888855, "p99_ttft_ms": 18157.932650290895, "mean_tpot_ms": 55.389532178507146, "median_tpot_ms": 35.6506551704322, "std_tpot_ms": 74.93375533827478, "p99_tpot_ms": 352.3299609257642, "mean_itl_ms": 32.62626859428983, "median_itl_ms": 17.395920000126353, "std_itl_ms": 436.5917152982569, "p95_itl_ms": 19.95730119961081, "p99_itl_ms": 21.037425159884158, "concurrency": 26.412708155166268, "accept_length": null}
