{"backend": "sgl-jax", "dataset_name": "random", "request_rate": Infinity, "max_concurrency": 128, "sharegpt_output_len": null, "random_input_len": 16384, "random_output_len": 1024, "random_range_ratio": 0.0, "duration": 135.12453317300242, "completed": 128, "total_input_tokens": 1002593, "total_output_tokens": 63692, "total_output_tokens_retokenized": 63632, "request_throughput": 0.9472743179517168, "input_throughput": 7419.770314516919, "output_throughput": 471.3577801482871, "mean_e2e_latency_ms": 121067.5272012486, "median_e2e_latency_ms": 122903.58624999499, "std_e2e_latency_ms": 12498.361098767848, "p99_e2e_latency_ms": 135015.35517440658, "mean_ttft_ms": 51573.12920012407, "median_ttft_ms": 50629.87783700373, "std_ttft_ms": 30131.290583719045, "p99_ttft_ms": 101535.50193286326, "mean_tpot_ms": 237.004187352874, "median_tpot_ms": 136.79146422721573, "std_tpot_ms": 271.45457446537836, "p99_tpot_ms": 1480.7029335488883, "mean_itl_ms": 139.9421429097281, "median_itl_ms": 42.46191999845905, "std_itl_ms": 1978.9919574062453, "p95_itl_ms": 49.60144549404504, "p99_itl_ms": 50.268640796566615, "concurrency": 114.68415925566369, "accept_length": null}
