{"backend": "sgl-jax", "dataset_name": "random", "request_rate": Infinity, "max_concurrency": 64, "sharegpt_output_len": null, "random_input_len": 16384, "random_output_len": 1024, "random_range_ratio": 0.0, "duration": 72.77346902000136, "completed": 64, "total_input_tokens": 492494, "total_output_tokens": 32149, "total_output_tokens_retokenized": 32135, "request_throughput": 0.8794413796930579, "input_throughput": 6767.493794539889, "output_throughput": 441.76813930862687, "mean_e2e_latency_ms": 63441.47329465727, "median_e2e_latency_ms": 64648.68638999906, "std_e2e_latency_ms": 6804.731503842378, "p99_e2e_latency_ms": 72605.02252356178, "mean_ttft_ms": 25125.13659487581, "median_ttft_ms": 25442.242844495922, "std_ttft_ms": 14005.837922890285, "p99_ttft_ms": 49747.81368749813, "mean_tpot_ms": 173.5923039502338, "median_tpot_ms": 75.46474038640966, "std_tpot_ms": 437.0889699606598, "p99_tpot_ms": 2304.4393141180412, "mean_itl_ms": 76.42964843715164, "median_itl_ms": 28.573360003065318, "std_itl_ms": 1266.40626418532, "p95_itl_ms": 32.1905670047272, "p99_itl_ms": 32.6765163987875, "concurrency": 55.79305680401368, "accept_length": null}
