{"backend": "sgl-jax", "dataset_name": "random", "request_rate": Infinity, "max_concurrency": 128, "sharegpt_output_len": null, "random_input_len": 16384, "random_output_len": 1024, "random_range_ratio": 0.0, "duration": 104.39897498200298, "completed": 128, "total_input_tokens": 1002593, "total_output_tokens": 63692, "total_output_tokens_retokenized": 63636, "request_throughput": 1.2260656775803165, "input_throughput": 9603.475514705331, "output_throughput": 610.0826182534806, "mean_e2e_latency_ms": 92318.47305664723, "median_e2e_latency_ms": 94038.32743049134, "std_e2e_latency_ms": 10150.652097886115, "p99_e2e_latency_ms": 104274.56272184048, "mean_ttft_ms": 38172.561705195105, "median_ttft_ms": 37404.39744549076, "std_ttft_ms": 22292.985215823497, "p99_ttft_ms": 75290.03649366685, "mean_tpot_ms": 183.97893457551794, "median_tpot_ms": 106.95331045401032, "std_tpot_ms": 211.51463661448153, "p99_tpot_ms": 1103.585694090376, "mean_itl_ms": 109.03459617796243, "median_itl_ms": 37.76401450159028, "std_itl_ms": 1438.9994319818409, "p95_itl_ms": 43.66152699949453, "p99_itl_ms": 44.335323197592515, "concurrency": 113.18851122137839, "accept_length": null}
