{"backend": "sgl-jax", "dataset_name": "random", "request_rate": Infinity, "max_concurrency": 200, "sharegpt_output_len": null, "random_input_len": 16384, "random_output_len": 1024, "random_range_ratio": 0.0, "duration": 189.40069999200023, "completed": 200, "total_input_tokens": 1628765, "total_output_tokens": 105408, "total_output_tokens_retokenized": 105308, "request_throughput": 1.0559623064141128, "input_throughput": 8599.572230032913, "output_throughput": 556.534373972494, "mean_e2e_latency_ms": 138611.52838054506, "median_e2e_latency_ms": 146739.4998460004, "std_e2e_latency_ms": 42384.937813742494, "p99_e2e_latency_ms": 188844.546408901, "mean_ttft_ms": 78677.28734950011, "median_ttft_ms": 75343.90198349956, "std_ttft_ms": 50508.590783845604, "p99_ttft_ms": 169485.50964832044, "mean_tpot_ms": 143.4758277141424, "median_tpot_ms": 119.62082803512094, "std_tpot_ms": 133.4926718942979, "p99_tpot_ms": 585.1664846550302, "mean_itl_ms": 113.93475177190899, "median_itl_ms": 34.179325000877725, "std_itl_ms": 712.984684052269, "p95_itl_ms": 375.2982279987918, "p99_itl_ms": 1716.1055460015812, "concurrency": 146.36854920430562, "accept_length": null}
