{"backend": "sgl-jax", "dataset_name": "random", "request_rate": 100.0, "max_concurrency": 200, "sharegpt_output_len": null, "random_input_len": 16384, "random_output_len": 1024, "random_range_ratio": 1.0, "duration": 552.731901819001, "completed": 256, "total_input_tokens": 4194304, "total_output_tokens": 262144, "total_output_tokens_retokenized": 261231, "request_throughput": 0.4631540158212732, "input_throughput": 7588.31539521574, "output_throughput": 474.26971220098375, "mean_e2e_latency_ms": 282316.8750430938, "median_e2e_latency_ms": 288980.5749775005, "std_e2e_latency_ms": 132120.88894400277, "p99_e2e_latency_ms": 462327.7098554992, "mean_ttft_ms": 244197.1082565548, "median_ttft_ms": 258677.09221649967, "std_ttft_ms": 133136.20595702963, "p99_ttft_ms": 417831.87563864957, "mean_tpot_ms": 37.26272413151421, "median_tpot_ms": 36.928479032257975, "std_tpot_ms": 10.65383638351564, "p99_tpot_ms": 55.34605439056581, "mean_itl_ms": 37.26272038716167, "median_itl_ms": 20.856010000898095, "std_itl_ms": 626.5467129213174, "p95_itl_ms": 21.644926500266592, "p99_itl_ms": 31.88625279943156, "concurrency": 130.75619441032148, "accept_length": null}
