{"backend": "sgl-jax", "dataset_name": "random", "request_rate": 100.0, "max_concurrency": 64, "sharegpt_output_len": null, "random_input_len": 16384, "random_output_len": 1024, "random_range_ratio": 1.0, "duration": 552.5970462600017, "completed": 256, "total_input_tokens": 4194304, "total_output_tokens": 262144, "total_output_tokens_retokenized": 261231, "request_throughput": 0.46326704373940825, "input_throughput": 7590.167244626465, "output_throughput": 474.38545278915404, "mean_e2e_latency_ms": 126203.2635447618, "median_e2e_latency_ms": 116056.1487950008, "std_e2e_latency_ms": 34608.13991311284, "p99_e2e_latency_ms": 174147.59571899913, "mean_ttft_ms": 88090.57710781258, "median_ttft_ms": 86812.36774350054, "std_ttft_ms": 30966.977005353656, "p99_ttft_ms": 128666.38913754978, "mean_tpot_ms": 37.25580296866981, "median_tpot_ms": 36.91500125513104, "std_tpot_ms": 10.65987676454882, "p99_tpot_ms": 55.3375111031767, "mean_itl_ms": 37.25579694220043, "median_itl_ms": 20.856260000073235, "std_itl_ms": 626.6497242469457, "p95_itl_ms": 21.695168850692426, "p99_itl_ms": 32.386660299289396, "concurrency": 58.46581281264723, "accept_length": null}
