{"backend": "sgl-jax", "dataset_name": "random", "request_rate": Infinity, "max_concurrency": 128, "sharegpt_output_len": null, "random_input_len": 16384, "random_output_len": 1024, "random_range_ratio": 0.0, "duration": 117.77683546199842, "completed": 128, "total_input_tokens": 1002593, "total_output_tokens": 63692, "total_output_tokens_retokenized": 63609, "request_throughput": 1.0868011481026774, "input_throughput": 8512.650183435215, "output_throughput": 540.7854587887166, "mean_e2e_latency_ms": 97432.5477020859, "median_e2e_latency_ms": 105398.22078349971, "std_e2e_latency_ms": 19287.406119109542, "p99_e2e_latency_ms": 116744.82388407063, "mean_ttft_ms": 46261.066137499954, "median_ttft_ms": 42628.17963349971, "std_ttft_ms": 29348.446667380693, "p99_ttft_ms": 100132.08123208009, "mean_tpot_ms": 133.54214294945908, "median_tpot_ms": 101.88312783765699, "std_tpot_ms": 108.24067101069595, "p99_tpot_ms": 613.6465260493577, "mean_itl_ms": 103.0449296895572, "median_itl_ms": 33.91403499972512, "std_itl_ms": 846.6921091725288, "p95_itl_ms": 35.41913550006939, "p99_itl_ms": 1597.4480576002316, "concurrency": 105.88980470519583, "accept_length": null}
