{"backend": "sgl-jax", "dataset_name": "random", "request_rate": 100.0, "max_concurrency": 128, "sharegpt_output_len": null, "random_input_len": 16384, "random_output_len": 1024, "random_range_ratio": 1.0, "duration": 552.5930597200004, "completed": 256, "total_input_tokens": 4194304, "total_output_tokens": 262144, "total_output_tokens_retokenized": 261231, "request_throughput": 0.4632703858599229, "input_throughput": 7590.222001928977, "output_throughput": 474.38887512056107, "mean_e2e_latency_ms": 218655.50789423825, "median_e2e_latency_ms": 231164.69762600082, "std_e2e_latency_ms": 78244.92326541014, "p99_e2e_latency_ms": 289459.2653535002, "mean_ttft_ms": 180547.67328601168, "median_ttft_ms": 206949.2941330009, "std_ttft_ms": 78165.76222312976, "p99_ttft_ms": 257965.5373187993, "mean_tpot_ms": 37.25106022309541, "median_tpot_ms": 36.90768078641229, "std_tpot_ms": 10.657275885743834, "p99_tpot_ms": 55.32848683113414, "mean_itl_ms": 37.25105650104621, "median_itl_ms": 20.850550000432122, "std_itl_ms": 626.5797954271218, "p95_itl_ms": 21.673229999578325, "p99_itl_ms": 31.967222970070015, "concurrency": 101.29662151256117, "accept_length": null}
