{"backend": "sgl-jax", "dataset_name": "random", "request_rate": Infinity, "max_concurrency": 64, "sharegpt_output_len": null, "random_input_len": 16384, "random_output_len": 1024, "random_range_ratio": 0.0, "duration": 61.56832227199993, "completed": 64, "total_input_tokens": 492494, "total_output_tokens": 32149, "total_output_tokens_retokenized": 32135, "request_throughput": 1.0394955983575005, "input_throughput": 7999.146019023108, "output_throughput": 522.1678748686763, "mean_e2e_latency_ms": 53085.01240170295, "median_e2e_latency_ms": 54317.91815499946, "std_e2e_latency_ms": 6730.345589169544, "p99_e2e_latency_ms": 61407.29566002934, "mean_ttft_ms": 20953.591352703144, "median_ttft_ms": 21065.722458999517, "std_ttft_ms": 11778.576450513629, "p99_ttft_ms": 41637.00559380013, "mean_tpot_ms": 127.62406101686346, "median_tpot_ms": 63.886690356462566, "std_tpot_ms": 254.00964586182013, "p99_tpot_ms": 1499.7827330228772, "mean_itl_ms": 64.09258817254165, "median_itl_ms": 24.903010000343784, "std_itl_ms": 787.0174206239333, "p95_itl_ms": 27.62581400020281, "p99_itl_ms": 29.643686598938075, "concurrency": 55.181636730323554, "accept_length": null}
